id,fname,lname,phone,gender,birthday,email
1,Osama,Hafez,4165566718,Male,933552000000,osama.w.hafez@gmail.com
2,Osama,Hafez,4165566719,Male,933552000000,osama.w.hafez@gmail.com
3,Osama,Hafez,4165566790,Male,933552000000,osama.w.hafez@gmail.com
4,Hamza,Hafez,4165566718,Male,1008115200000,osama.h.alprince@gmail.com
5,Ibrahim,Hafez,4165566718,Male,1008115200000,osama.h.alprince@gmail.com
6,booommboom,Hafez,4165566718,Male,1008115200000,osama.h.alprince@gmail.com
7,Faisal,Hafez,4165566718,Male,1008115200000,osama.h.alprince@gmail.com
8,kjahsjb,kjhbsdkfjhbaskjb,123456789,Male,1008115200000,jghsdvakhjbsdajhksda@gmail.com
11,Falafel,Hafez,4165566718,Male,1008115200000,osama.h.alprince@gmail.com
22,Juju,Hafez,4165566718,Male,1008115200000,osama.h.alprince@gmail.com
